pass_id,booking_id,pass_type,document_link,qr_code,expiry_date
1,1,"Mobile Entry","https://travelease.com/passes/dp10023456","QRCODE:DP10023456",2023-06-17
2,2,"E-Ticket","https://travelease.com/passes/dp10034567","QRCODE:DP10034567",2023-07-12
3,3,"Resort Access","https://travelease.com/passes/dp10045678","QRCODE:DP10045678",2023-08-19
4,4,"Tour Pass","https://travelease.com/passes/dp10056789","QRCODE:DP10056789",2023-07-29
5,5,"VIP Access","https://travelease.com/passes/dp10067890","QRCODE:DP10067890",2023-09-12
6,6,"Family Pass","https://travelease.com/passes/dp10078901","QRCODE:DP10078901",2023-07-05
7,7,"Resort Access","https://travelease.com/passes/dp10089012","QRCODE:DP10089012",2023-09-22
8,8,"Tour Pass","https://travelease.com/passes/dp10090123","QRCODE:DP10090123",2023-08-08
9,9,"E-Ticket","https://travelease.com/passes/dp10001234","QRCODE:DP10001234",2023-10-17
10,10,"Eco Tour","https://travelease.com/passes/dp10012345","QRCODE:DP10012345",2023-07-12
11,11,"Tour Pass","https://travelease.com/passes/dp10121234","QRCODE:DP10121234",2023-06-19
12,12,"E-Ticket","https://travelease.com/passes/dp10131234","QRCODE:DP10131234",2023-09-27
13,13,"Family Pass","https://travelease.com/passes/dp10141234","QRCODE:DP10141234",2023-08-22
14,14,"Cruise Pass","https://travelease.com/passes/dp10151234","QRCODE:DP10151234",2023-10-12
15,15,"Tour Pass","https://travelease.com/passes/dp10161234","QRCODE:DP10161234",2023-09-17
16,16,"Conservation","https://travelease.com/passes/dp10171234","QRCODE:DP10171234",2023-11-12
17,17,"Resort Access","https://travelease.com/passes/dp10181234","QRCODE:DP10181234",2023-12-17
18,18,"VIP Access","https://travelease.com/passes/dp10191234","QRCODE:DP10191234",2024-05-22
19,19,"Expedition","https://travelease.com/passes/dp10201234","QRCODE:DP10201234",2024-01-22
20,20,"Museum Pass","https://travelease.com/passes/dp10211234","QRCODE:DP10211234",2023-10-27
21,21,"Safari Pass","https://travelease.com/passes/dp10221234","QRCODE:DP10221234",2024-02-12
22,22,"Adventure","https://travelease.com/passes/dp10231234","QRCODE:DP10231234",2023-09-22
23,23,"Family Pass","https://travelease.com/passes/dp10241234","QRCODE:DP10241234",2023-12-12
24,24,"Museum Pass","https://travelease.com/passes/dp10251234","QRCODE:DP10251234",2023-11-17
25,25,"Tour Pass","https://travelease.com/passes/dp10261234","QRCODE:DP10261234",2024-03-22
26,26,"Ski Pass","https://travelease.com/passes/dp10271234","QRCODE:DP10271234",2024-01-27
27,27,"Eco Tour","https://travelease.com/passes/dp10281234","QRCODE:DP10281234",2023-11-12
28,28,"Resort Access","https://travelease.com/passes/dp10291234","QRCODE:DP10291234",2023-12-22
29,29,"Climbing","https://travelease.com/passes/dp10301234","QRCODE:DP10301234",2024-02-17
30,30,"Cultural","https://travelease.com/passes/dp10311234","QRCODE:DP10311234",2023-11-01
31,31,"Cruise Pass","https://travelease.com/passes/dp10321234","QRCODE:DP10321234",2024-04-17
32,32,"Tour Pass","https://travelease.com/passes/dp10331234","QRCODE:DP10331234",2024-03-12
33,33,"Expedition","https://travelease.com/passes/dp10341234","QRCODE:DP10341234",2024-01-22
34,34,"Cruise Pass","https://travelease.com/passes/dp10351234","QRCODE:DP10351234",2023-12-27
35,35,"Concert Pass","https://travelease.com/passes/dp10361234","QRCODE:DP10361234",2023-11-22
36,36,"Shopping","https://travelease.com/passes/dp10371234","QRCODE:DP10371234",2024-04-01
37,37,"Resort Access","https://travelease.com/passes/dp10381234","QRCODE:DP10381234",2024-02-17
38,38,"Photography","https://travelease.com/passes/dp10391234","QRCODE:DP10391234",2024-05-22
39,39,"Expedition","https://travelease.com/passes/dp10401234","QRCODE:DP10401234",2024-06-17
40,40,"Museum Pass","https://travelease.com/passes/dp10411234","QRCODE:DP10411234",2024-05-02
41,41,"Expedition","https://travelease.com/passes/dp10421234","QRCODE:DP10421234",2024-01-12
42,42,"Adventure","https://travelease.com/passes/dp10431234","QRCODE:DP10431234",2024-05-22
43,43,"Cultural","https://travelease.com/passes/dp10441234","QRCODE:DP10441234",2024-03-17
44,44,"Family Pass","https://travelease.com/passes/dp10451234","QRCODE:DP10451234",2024-02-22
45,45,"VIP Access","https://travelease.com/passes/dp10461234","QRCODE:DP10461234",2024-07-12
46,46,"Resort Access","https://travelease.com/passes/dp10471234","QRCODE:DP10471234",2024-03-17
47,47,"Safari Pass","https://travelease.com/passes/dp10481234","QRCODE:DP10481234",2024-06-22
48,48,"Resort Access","https://travelease.com/passes/dp10491234","QRCODE:DP10491234",2024-11-27
49,49,"Tour Pass","https://travelease.com/passes/dp10501234","QRCODE:DP10501234",2024-06-12
50,50,"Cultural","https://travelease.com/passes/dp10511234","QRCODE:DP10511234",2024-11-27