itinerary_id,description
1,"Explore the romantic streets of Paris, visit iconic landmarks, and enjoy luxury dining experiences"
2,"Trek through Bali's volcanic landscapes, rice terraces, and hidden waterfalls with expert local guides"
3,"Immerse in Cambodia's ancient culture and explore temple complexes with knowledgeable historians"
4,"Experience the magic of Orlando's theme parks with VIP access and character dining experiences"
5,"Walk through ancient Rome with expert archaeological guides explaining historical significance"
6,"Enjoy premier skiing on pristine slopes and luxury spa treatments in the Swiss Alps"
7,"Explore Costa Rica's diverse ecosystems with naturalist guides focused on conservation education"
8,"Relax in overwater bungalows and snorkel through vibrant coral reefs in the Maldives"
9,"Trek to Everest Base Camp with experienced guides following a careful acclimatization schedule"
10,"Discover Japanese culture and modern innovation with guided tours in Tokyo, Kyoto, and Osaka"
11,"Cruise through the Greek islands stopping at picturesque villages and historic ruins"
12,"Explore the Amazon rainforest with expert naturalists spotting wildlife and learning about ecosystems"
13,"Journey through Egypt's ancient history with visits to pyramids, temples and a luxury Nile cruise"
14,"Comprehensive Disney World experience with character dining, parade viewing, and behind-the-scenes tours"
15,"Tour medieval towns and castles across Europe with expert historical context and exclusive access"
16,"Experience the Monaco Grand Prix from premium viewing positions with paddock access and driver meetings"
17,"Conservation-focused cruise through the Galapagos Islands with expert naturalist guides"
18,"Island-hop across the Caribbean with stays at premium beach resorts and water activities"
19,"Summit attempt on Everest Base Camp with professional mountaineering guides and porters"
20,"Art and architecture focused European tour with specialist guides and private museum access"
21,"Luxury safari experience in South Africa combined with premium vineyard tours and tastings"
22,"Adventure sports package in Queenstown including bungee jumping, skydiving, and white water rafting"
23,"Spiritual journey through Asia's most significant temples with cultural immersion experiences"
24,"Combined Orlando theme parks and Bahamas beach resort vacation with seamless transfers"
25,"Deep dive into Renaissance art and architecture with expert art historian guides"
26,"Premium ski and wellness experience in the Swiss Alps with luxury accommodations"
27,"Eco-friendly exploration of Costa Rica's Pacific coastline with sustainable lodging"
28,"Romantic getaway in Tahiti featuring overwater bungalows, private dining, and couples' activities"
29,"Alpine climbing adventure with professional guides and technical skills training"
30,"Immersive exploration of Japanese culture in Tokyo and Kyoto with traditional experiences"
31,"Luxury Mediterranean cruise with exclusive shore excursions and gourmet dining experiences"
32,"Hiking expedition through Patagonia's dramatic landscapes and national parks"
33,"Cultural journey through India's diverse regions with focus on traditions and heritage"
34,"Family-friendly Caribbean cruise with dedicated kids' programs and family activities"
35,"Classical music experiences in Vienna with premium concert seating and backstage access"
36,"VIP shopping experience in Dubai with personal shoppers and exclusive boutique access"
37,"Wildlife photography tour in Costa Rica led by professional nature photographers"
38,"Beach relaxation and water activities at premium resorts across Fiji's islands"
39,"Challenging trek around Mont Blanc traversing France, Italy, and Switzerland"
40,"Tour of Europe's major art capitals with curator-led museum visits and artist studio access"
41,"Expedition cruise to Antarctica with expert naturalists, photographers, and historians"
42,"Mountain biking adventure through remote Himalayan villages and mountain passes"
43,"Journey across Southeast Asia visiting UNESCO World Heritage sites and cultural landmarks"
44,"Comprehensive Orlando theme park experience with Express Passes and VIP treatment"
45,"Tour of Europe's most impressive castles and palaces with royal history experts"
46,"Exclusive yachting experience along the French Riviera with premium services and crew"
47,"Wildlife safari in Borneo focusing on orangutan and rainforest conservation"
48,"Luxury island hopping through the Seychelles with premium transfers and accommodations"
49,"Summit attempt on Mount Kilimanjaro with extended acclimatization schedule"
50,"Seasonal tour of Europe's best Christmas markets with local culinary experiences"