user_id,username,password,email,phone_number,registration_date,is_active,role
1,johndoe,hashed_password_1,john.doe@email.com,+1-555-123-4567,2023-01-15,1,traveler
2,janedoe,hashed_password_2,jane.doe@email.com,+1-555-234-5678,2023-01-16,1,traveler
3,mikebrown,hashed_password_3,mike.brown@email.com,+1-555-345-6789,2023-01-17,1,traveler
4,sarahsmith,hashed_password_4,sarah.smith@email.com,+1-555-456-7890,2023-01-18,1,traveler
5,robertjones,hashed_password_5,robert.jones@email.com,+1-555-567-8901,2023-01-19,1,traveler
6,emilydavis,hashed_password_6,emily.davis@email.com,+1-555-678-9012,2023-01-20,1,traveler
7,davidwilson,hashed_password_7,david.wilson@email.com,+1-555-789-0123,2023-01-21,1,traveler
8,lisataylor,hashed_password_8,lisa.taylor@email.com,+1-555-890-1234,2023-01-22,1,traveler
9,jamesanderson,hashed_password_9,james.anderson@email.com,+1-555-901-2345,2023-01-23,1,traveler
10,lauramiller,hashed_password_10,laura.miller@email.com,+1-555-012-3456,2023-01-24,1,traveler
11,kevinwhite,hashed_password_11,kevin.white@email.com,+1-555-123-4568,2023-01-25,1,traveler
12,karenmartinez,hashed_password_12,karen.martinez@email.com,+1-555-234-5679,2023-01-26,1,traveler
13,christopherlee,hashed_password_13,christopher.lee@email.com,+1-555-345-6780,2023-01-27,1,traveler
14,daniellewilliams,hashed_password_14,danielle.williams@email.com,+1-555-456-7891,2023-01-28,1,traveler
15,brianharris,hashed_password_15,brian.harris@email.com,+1-555-567-8902,2023-01-29,1,traveler
16,amandaclark,hashed_password_16,amanda.clark@email.com,+1-555-678-9013,2023-01-30,1,traveler
17,matthewlewis,hashed_password_17,matthew.lewis@email.com,+1-555-789-0124,2023-01-31,1,traveler
18,jenniferyoung,hashed_password_18,jennifer.young@email.com,+1-555-890-1235,2023-02-01,1,traveler
19,thomasallen,hashed_password_19,thomas.allen@email.com,+1-555-901-2346,2023-02-02,1,traveler
20,jessicawright,hashed_password_20,jessica.wright@email.com,+1-555-012-3457,2023-02-03,1,traveler
21,ryanking,hashed_password_21,ryan.king@email.com,+1-555-123-4569,2023-02-04,1,traveler
22,melissascott,hashed_password_22,melissa.scott@email.com,+1-555-234-5680,2023-02-05,1,traveler
23,justingreen,hashed_password_23,justin.green@email.com,+1-555-345-6781,2023-02-06,1,traveler
24,stephaniebaker,hashed_password_24,stephanie.baker@email.com,+1-555-456-7892,2023-02-07,1,traveler
25,brandonadams,hashed_password_25,brandon.adams@email.com,+1-555-567-8903,2023-02-08,1,traveler
26,nicolehill,hashed_password_26,nicole.hill@email.com,+1-555-678-9014,2023-02-09,1,traveler
27,gregorynevada,hashed_password_27,gregory.nevada@email.com,+1-555-789-0125,2023-02-10,1,traveler
28,heatherrivera,hashed_password_28,heather.rivera@email.com,+1-555-890-1236,2023-02-11,1,traveler
29,jeremycooper,hashed_password_29,jeremy.cooper@email.com,+1-555-901-2347,2023-02-12,1,traveler
30,aprilmorgan,hashed_password_30,april.morgan@email.com,+1-555-012-3458,2023-02-13,1,traveler
31,patrickkelly,hashed_password_31,patrick.kelly@email.com,+1-555-123-4570,2023-02-14,1,traveler
32,samanthaross,hashed_password_32,samantha.ross@email.com,+1-555-234-5681,2023-02-15,1,traveler
33,nathanhoward,hashed_password_33,nathan.howard@email.com,+1-555-345-6782,2023-02-16,1,traveler
34,rachelcox,hashed_password_34,rachel.cox@email.com,+1-555-456-7893,2023-02-17,1,traveler
35,alejandroward,hashed_password_35,alejandro.ward@email.com,+1-555-567-8904,2023-02-18,1,traveler
36,christinareed,hashed_password_36,christina.reed@email.com,+1-555-678-9015,2023-02-19,1,traveler
37,zackarymorris,hashed_password_37,zackary.morris@email.com,+1-555-789-0126,2023-02-20,1,traveler
38,oliviacook,hashed_password_38,olivia.cook@email.com,+1-555-890-1237,2023-02-21,1,traveler
39,cameronbailey,hashed_password_39,cameron.bailey@email.com,+1-555-901-2348,2023-02-22,1,traveler
40,alyssareed,hashed_password_40,alyssa.reed@email.com,+1-555-012-3459,2023-02-23,1,traveler
41,colinstewart,hashed_password_41,colin.stewart@email.com,+1-555-123-4571,2023-02-24,1,traveler
42,carriemorgan,hashed_password_42,carrie.morgan@email.com,+1-555-234-5682,2023-02-25,1,traveler
43,willmurphy,hashed_password_43,will.murphy@email.com,+1-555-345-6783,2023-02-26,1,traveler
44,sylviapeterson,hashed_password_44,sylvia.peterson@email.com,+1-555-456-7894,2023-02-27,1,traveler
45,rogerrivera,hashed_password_45,roger.rivera@email.com,+1-555-567-8905,2023-02-28,1,traveler
46,tiffanynelson,hashed_password_46,tiffany.nelson@email.com,+1-555-678-9016,2023-03-01,1,traveler
47,dustinprice,hashed_password_47,dustin.price@email.com,+1-555-789-0127,2023-03-02,1,traveler
48,feliciabennett,hashed_password_48,felicia.bennett@email.com,+1-555-890-1238,2023-03-03,1,traveler
49,rodneywood,hashed_password_49,rodney.wood@email.com,+1-555-901-2349,2023-03-04,1,traveler
50,melindacoleman,hashed_password_50,melinda.coleman@email.com,+1-555-012-3460,2023-03-05,1,traveler
51,dominicgray,hashed_password_51,dominic.gray@email.com,+1-555-123-4572,2023-03-06,1,traveler
52,brookegarcia,hashed_password_52,brooke.garcia@email.com,+1-555-234-5683,2023-03-07,1,traveler
53,deluxetours,hashed_password_53,info@deluxetours.com,+1-555-345-6784,2023-03-08,1,tour_operator
54,globaladventures,hashed_password_54,info@globaladventures.com,+1-555-456-7895,2023-03-09,1,tour_operator
55,exoticexpeditions,hashed_password_55,info@exoticexpeditions.com,+1-555-567-8906,2023-03-10,1,tour_operator
56,wonderworldtours,hashed_password_56,info@wonderworldtours.com,+1-555-678-9017,2023-03-11,1,tour_operator
57,heritagetravel,hashed_password_57,info@heritagetravel.com,+1-555-789-0128,2023-03-12,1,tour_operator
58,luxevoyages,hashed_password_58,info@luxevoyages.com,+1-555-890-1239,2023-03-13,1,tour_operator
59,ecoadventures,hashed_password_59,info@ecoadventures.com,+1-555-901-2350,2023-03-14,1,tour_operator
60,beachcombertravel,hashed_password_60,info@beachcombertravel.com,+1-555-012-3461,2023-03-15,1,tour_operator
61,mountainexplorers,hashed_password_61,info@mountainexplorers.com,+1-555-123-4573,2023-03-16,1,tour_operator
62,cityscapetours,hashed_password_62,info@cityscapetours.com,+1-555-234-5684,2023-03-17,1,tour_operator
63,ritzhotels,hashed_password_63,service@ritzhotels.com,+1-555-345-6785,2023-03-18,1,service_provider
64,premiercar,hashed_password_64,service@premiercar.com,+1-555-456-7896,2023-03-19,1,service_provider
65,expertguides,hashed_password_65,info@expertguides.com,+1-555-567-8907,2023-03-20,1,service_provider
66,grandhotels,hashed_password_66,service@grandhotels.com,+1-555-678-9018,2023-03-21,1,service_provider
67,swiftshuttle,hashed_password_67,service@swiftshuttle.com,+1-555-789-0129,2023-03-22,1,service_provider
68,culturalelite,hashed_password_68,info@culturalelite.com,+1-555-890-1240,2023-03-23,1,service_provider
69,luxuryresorts,hashed_password_69,service@luxuryresorts.com,+1-555-901-2351,2023-03-24,1,service_provider
70,premiumtransport,hashed_password_70,service@premiumtransport.com,+1-555-012-3462,2023-03-25,1,service_provider
71,localinsights,hashed_password_71,info@localinsights.com,+1-555-123-4574,2023-03-26,1,service_provider
72,budgetcar,hashed_password_72,service@budgetcar.com,+1-555-234-5685,2023-03-27,1,service_provider
73,starhotel,hashed_password_73,service@starhotel.com,+1-555-345-6786,2023-03-28,1,service_provider
74,expresstransit,hashed_password_74,service@expresstransit.com,+1-555-456-7897,2023-03-29,1,service_provider
75,historyguides,hashed_password_75,info@historyguides.com,+1-555-567-8908,2023-03-30,1,service_provider
76,boutiquehotels,hashed_password_76,service@boutiquehotels.com,+1-555-678-9019,2023-03-31,1,service_provider
77,citytransfers,hashed_password_77,service@citytransfers.com,+1-555-789-0130,2023-04-01,1,service_provider
78,adventureguides,hashed_password_78,info@adventureguides.com,+1-555-890-1241,2023-04-02,1,service_provider
79,ecohotels,hashed_password_79,service@ecohotels.com,+1-555-901-2352,2023-04-03,1,service_provider
80,luxurycars,hashed_password_80,service@luxurycars.com,+1-555-012-3463,2023-04-04,1,service_provider
81,foodguides,hashed_password_81,info@foodguides.com,+1-555-123-4575,2023-04-05,1,service_provider
82,beachresorts,hashed_password_82,service@beachresorts.com,+1-555-234-5686,2023-04-06,1,service_provider
83,airporttransfer,hashed_password_83,service@airporttransfer.com,+1-555-345-6787,2023-04-07,1,service_provider
84,culturaladvisor,hashed_password_84,info@culturaladvisor.com,+1-555-456-7898,2023-04-08,1,service_provider
85,adminuser1,hashed_password_85,admin1@travelease.com,+1-555-567-8909,2023-04-09,1,admin
86,adminuser2,hashed_password_86,admin2@travelease.com,+1-555-678-9020,2023-04-10,1,admin
87,adminuser3,hashed_password_87,admin3@travelease.com,+1-555-789-0131,2023-04-11,1,admin
88,adminuser4,hashed_password_88,admin4@travelease.com,+1-555-890-1242,2023-04-12,1,admin
89,adminuser5,hashed_password_89,admin5@travelease.com,+1-555-901-2353,2023-04-13,1,admin
90,lionelsmith,hashed_password_90,lionel.smith@email.com,+1-555-012-3464,2023-04-14,1,traveler
91,clairerobinson,hashed_password_91,claire.robinson@email.com,+1-555-123-4576,2023-04-15,1,traveler
92,peterwalker,hashed_password_92,peter.walker@email.com,+1-555-234-5687,2023-04-16,1,traveler
93,victoriahall,hashed_password_93,victoria.hall@email.com,+1-555-345-6788,2023-04-17,1,traveler
94,anthonyallen,hashed_password_94,anthony.allen@email.com,+1-555-456-7899,2023-04-18,1,traveler
95,gloriawright,hashed_password_95,gloria.wright@email.com,+1-555-567-8910,2023-04-19,1,traveler
96,frankscott,hashed_password_96,frank.scott@email.com,+1-555-678-9021,2023-04-20,1,traveler
97,anngreen,hashed_password_97,ann.green@email.com,+1-555-789-0132,2023-04-21,1,traveler
98,arthurking,hashed_password_98,arthur.king@email.com,+1-555-890-1243,2023-04-22,1,traveler
99,zoebaker,hashed_password_99,zoe.baker@email.com,+1-555-901-2354,2023-04-23,1,traveler
100,louisadams,hashed_password_100,louis.adams@email.com,+1-555-012-3465,2023-04-24,1,traveler